,preregistration,split_strength,protocol_adherence,leakage_score,transparency
preregistration,1.0,-0.11812967305239017,0.40445022440398615,-0.04161337696053324,0.34767998248931153
split_strength,-0.11812967305239017,1.0,0.22425910791135914,0.006321889697362523,0.0872770175487636
protocol_adherence,0.40445022440398615,0.22425910791135914,1.0,0.08102082829150802,-0.09186517925445026
leakage_score,-0.04161337696053324,0.006321889697362523,0.08102082829150802,1.0,0.008431233186913419
transparency,0.34767998248931153,0.0872770175487636,-0.09186517925445026,0.008431233186913419,1.0
