level,eis
0,0.12
1,0.33506160105729366
2,0.5423194528692178
3,0.7898194528692177
4,0.9248194528692177
5,0.9450000000000001
