scheme,spearman_vs_default,mean_eis,std_eis
default,1.0,0.6428201501855112,0.16474470012144737
equal,0.989412962282418,0.6441368168521779,0.14614570440613006
preregistration_dom,0.9550129018860519,0.6193526126391334,0.17467217267608007
transparency_dom,0.9260896121292248,0.6644359459724667,0.12929010988235476
split_dom,0.9254672905869058,0.657856967037689,0.1571743090855982
leakage_dom,0.8669367383764057,0.6202692793058001,0.14021717341456244
